Workbook

Sheet Ringkasan
A1: Ringkasan Lari Terbaru — 10 & 14 September 2026
A2: Sumber: COROS Training Hub (t.coros.com). Diambil 16 September 2026. Baris abu-abu = sesi pembanding dari periode sebelumnya (file 26 Agu–6 Sep).
A4: No | B4: Tanggal | C4: Jam | D4: Nama Aktivitas | E4: Training Focus | F4: Jarak (km) | G4: Waktu Aktif | H4: Avg Pace /km | I4: Best km | J4: Effort Pace /km | K4: Avg HR (bpm) | L4: Avg Power (w) | M4: Avg Cadence (spm) | N4: Elev Gain (m) | O4: Total Descent (m) | P4: Training Load | Q4: Kalori (kcal) | R4: Efficiency | S4: Aerobic TE | T4: Load / km | U4: Catatan
A5: 1 | B5: 2026-09-10 | C5: 19:03 | D5: Jakarta Special Capital Region Run | E5: Base | F5: 5.02 | G5: 0.030158102 | H5: 0.0060069444 | I5: 0.0056944444 | J5: 0.0059953704 | K5: 159 | L5: 148 | M5: 161 | N5: 7 | O5: 3 | P5: 117 | Q5: 426 | R5: 100% | S5: 3.3 | T5: =P5/F5 -> 23.306773 | U5: Sesi aerobik stabil. Pace rata & HR tinggi merata sejak km-2.
A6: 2 | B6: 2026-09-14 | C6: 20:01 | D6: Jakarta Run | E6: Tempo | F6: 5.01 | G6: 0.027797801 | H6: 0.0055555556 | I6: 0.005 | J6: 0.0055439815 | K6: 157 | L6: 158 | M6: 167 | N6: 8 | O6: 10 | P6: 104 | Q6: 386 | R6: 103% | S6: 3.1 | T6: =P6/F6 -> 20.758483 | U6: Sesi tercepat sejauh ini. Ada surge di km-4 (07'14") lalu tetap terkontrol.
A7: ref | B7: 2026-09-06 | C7: 17:06 | D7: Jakarta Run (pembanding) | E7: Base | F7: 5.03 | G7: 0.029976852 | H7: 0.0059606481 | I7: 0.0055787037 | J7: 0.0059606481 | K7: 159 | L7: 150 | M7: 167 | N7: 0 | O7: 3 | P7: 115 | Q7: 422 | R7: 100% | S7: 3.3 | T7: =P7/F7 -> 22.862823 | U7: Sesi terakhir di periode sebelumnya — dipakai sebagai titik banding, bukan bagian dari tarikan data ini.
D8: TOTAL 2 SESI BARU | F8: =SUM(F5:F6) -> 10.03 | G8: =SUM(G5:G6) -> 0.057955903 | P8: =SUM(P5:P6) -> 221 | Q8: =SUM(Q5:Q6) -> 812

Sheet Detail Lap
A1: Detail Lap — 10 & 14 September 2026
A2: 'Pace (COROS)' = angka apa adanya dari aplikasi. 'Pace Hitung' = Waktu / Jarak (beda tipis di lap pecahan karena pembulatan jarak di app). Baris hijau = lap tercepat sesi itu.
A4: Tanggal | B4: Nama Aktivitas | C4: Lap | D4: Jarak (km) | E4: Waktu | F4: Pace (COROS) | G4: Pace Hitung /km | H4: Avg HR (bpm) | I4: Avg Power (w) | J4: Avg Cadence (spm) | K4: Elev Gain (m) | L4: Total Descent (m) | M4: Best Lap
A5: 2026-09-10 | B5: Jakarta Special Capital Region Run | C5: 1 | D5: 1 | E5: 0.0062037037 | F5: 0.0062037037 | G5: =IFERROR(E5/D5,"") -> 0.0062037037 | H5: 148 | I5: 142 | J5: 159 | K5: 0 | L5: 0
A6: 2026-09-10 | B6: Jakarta Special Capital Region Run | C6: 2 | D6: 1 | E6: 0.0060648148 | F6: 0.0060648148 | G6: =IFERROR(E6/D6,"") -> 0.0060648148 | H6: 159 | I6: 150 | J6: 164 | K6: 2 | L6: 0
A7: 2026-09-10 | B7: Jakarta Special Capital Region Run | C7: 3 | D7: 1 | E7: 0.005775463 | F7: 0.005775463 | G7: =IFERROR(E7/D7,"") -> 0.005775463 | H7: 163 | I7: 153 | J7: 165 | K7: 0 | L7: 2 | M7: ★
A8: 2026-09-10 | B8: Jakarta Special Capital Region Run | C8: 4 | D8: 1 | E8: 0.0059606481 | F8: 0.0059606481 | G8: =IFERROR(E8/D8,"") -> 0.0059606481 | H8: 164 | I8: 151 | J8: 163 | K8: 2 | L8: 0
A9: 2026-09-10 | B9: Jakarta Special Capital Region Run | C9: 5 | D9: 1 | E9: 0.0060185185 | F9: 0.0060185185 | G9: =IFERROR(E9/D9,"") -> 0.0060185185 | H9: 161 | I9: 145 | J9: 157 | K9: 3 | L9: 1
A10: 2026-09-10 | B10: Jakarta Special Capital Region Run | C10: 6 | D10: 0.02 | E10: 0.00013888889 | F10: 0.0086805556 | G10: =IFERROR(E10/D10,"") -> 0.0069444444 | H10: 162 | I10: 154 | J10: 160 | K10: 0 | L10: 0
A11: 2026-09-14 | B11: Jakarta Run | C11: 1 | D11: 1 | E11: 0.0058564815 | F11: 0.0058564815 | G11: =IFERROR(E11/D11,"") -> 0.0058564815 | H11: 143 | I11: 148 | J11: 165 | K11: 2 | L11: 0
A12: 2026-09-14 | B12: Jakarta Run | C12: 2 | D12: 1 | E12: 0.0055671296 | F12: 0.0055671296 | G12: =IFERROR(E12/D12,"") -> 0.0055671296 | H12: 158 | I12: 160 | J12: 171 | K12: 2 | L12: 3
A13: 2026-09-14 | B13: Jakarta Run | C13: 3 | D13: 1 | E13: 0.0056712963 | F13: 0.0056712963 | G13: =IFERROR(E13/D13,"") -> 0.0056712963 | H13: 161 | I13: 156 | J13: 168 | K13: 0 | L13: 3
A14: 2026-09-14 | B14: Jakarta Run | C14: 4 | D14: 1 | E14: 0.0050231481 | F14: 0.0050231481 | G14: =IFERROR(E14/D14,"") -> 0.0050231481 | H14: 163 | I14: 170 | J14: 168 | K14: 2 | L14: 2 | M14: ★
A15: 2026-09-14 | B15: Jakarta Run | C15: 5 | D15: 1 | E15: 0.005625 | F15: 0.005625 | G15: =IFERROR(E15/D15,"") -> 0.005625 | H15: 162 | I15: 156 | J15: 161 | K15: 2 | L15: 2
A16: 2026-09-14 | B16: Jakarta Run | C16: 6 | D16: 0.01 | E16: 4.6296296e-05 | F16: 0.0055671296 | G16: =IFERROR(E16/D16,"") -> 0.0046296296 | H16: 168 | I16: 173 | J16: 166 | K16: 0 | L16: 0

Sheet Analisis
A1: Analisis — 10 vs 14 September 2026
A2: Semua angka di sheet ini formula yang menarik dari sheet Ringkasan & Detail Lap.
A4: A. PERBANDINGAN LANGSUNG 2 SESI
A5: Metrik | B5: 10 Sep (Base) | C5: 14 Sep (Tempo) | D5: Selisih | E5: Baca
A6: Jarak (km) | B6: =Ringkasan!$F$5 -> 5.02 | C6: =Ringkasan!$F$6 -> 5.01 | D6: =Ringkasan!$F$6-Ringkasan!$F$5 -> -0.01 | E6: Praktis sama — 5K dua-duanya.
A7: Waktu aktif | B7: =Ringkasan!$G$5 -> 0.030158102 | C7: =Ringkasan!$G$6 -> 0.027797801 | D7: =(Ringkasan!$G$6-Ringkasan!$G$5)*86400 -> -203.93 | E7: 14 Sep lebih cepat 3 menit 24 detik.
A8: Avg pace /km | B8: =Ringkasan!$H$5 -> 0.0060069444 | C8: =Ringkasan!$H$6 -> 0.0055555556 | D8: =(Ringkasan!$H$6-Ringkasan!$H$5)*86400 -> -39 | E8: Turun 39 detik/km — lompatan besar untuk jarak yang sama.
A9: Best km | B9: =Ringkasan!$I$5 -> 0.0056944444 | C9: =Ringkasan!$I$6 -> 0.005 | D9: =(Ringkasan!$I$6-Ringkasan!$I$5)*86400 -> -60 | E9: Km tercepat membaik 1 menit/km.
A10: Avg HR (bpm) | B10: =Ringkasan!$K$5 -> 159 | C10: =Ringkasan!$K$6 -> 157 | D10: =Ringkasan!$K$6-Ringkasan!$K$5 -> -2 | E10: HR justru sedikit LEBIH RENDAH walau jauh lebih cepat.
A11: Avg power (w) | B11: =Ringkasan!$L$5 -> 148 | C11: =Ringkasan!$L$6 -> 158 | D11: =Ringkasan!$L$6-Ringkasan!$L$5 -> 10 | E11: Naik 10 w — output tenaga lebih besar.
A12: Avg cadence (spm) | B12: =Ringkasan!$M$5 -> 161 | C12: =Ringkasan!$M$6 -> 167 | D12: =Ringkasan!$M$6-Ringkasan!$M$5 -> 6 | E12: Naik 6 spm — langkah lebih rapat, bukan langkah lebih panjang.
A13: Training load | B13: =Ringkasan!$P$5 -> 117 | C13: =Ringkasan!$P$6 -> 104 | D13: =Ringkasan!$P$6-Ringkasan!$P$5 -> -13 | E13: Load turun karena durasi lebih pendek, walau intensitas naik.
A14: Aerobic TE | B14: =Ringkasan!$S$5 -> 3.3 | C14: =Ringkasan!$S$6 -> 3.1 | D14: =Ringkasan!$S$6-Ringkasan!$S$5 -> -0.2 | E14: Sedikit turun; sesi tempo pendek memang skor aerobiknya lebih rendah.
A16: B. VS SESI PEMBANDING 6 SEP (baris abu-abu di Ringkasan)
A17: Metrik | B17: 6 Sep | C17: 10 Sep | D17: 14 Sep | E17: Arah
A18: Avg pace /km | B18: =Ringkasan!$H$7 -> 0.0059606481 | C18: =Ringkasan!$H$5 -> 0.0060069444 | D18: =Ringkasan!$H$6 -> 0.0055555556 | E18: 08'35" → 08'39" → 08'00": stagnan lalu lompat maju.
A19: Avg HR (bpm) | B19: =Ringkasan!$K$7 -> 159 | C19: =Ringkasan!$K$5 -> 159 | D19: =Ringkasan!$K$6 -> 157 | E19: 159 → 159 → 157: berhenti naik. Ini sinyal bagus setelah 3 sesi naik beruntun.
A20: Avg cadence (spm) | B20: =Ringkasan!$M$7 -> 167 | C20: =Ringkasan!$M$5 -> 161 | D20: =Ringkasan!$M$6 -> 167 | E20: 167 → 161 → 167: sempat turun di 10 Sep, balik lagi di 14 Sep.
A21: Training load | B21: =Ringkasan!$P$7 -> 115 | C21: =Ringkasan!$P$5 -> 117 | D21: =Ringkasan!$P$6 -> 104 | E21: 115 → 117 → 104: puncak di 10 Sep, lalu turun.
A23: C. STATISTIK LAP (lap penuh 1.00 km saja)
A24: Lap 1 km tercepat (2 sesi) | B24: =_xlfn.MINIFS('Detail Lap'!$E$5:$E$16,'Detail Lap'!$D$5:$D$16,1) -> 0.0050231481 | E24: Km-4 sesi 14 Sep.
A25: Lap 1 km terlambat (2 sesi) | B25: =_xlfn.MAXIFS('Detail Lap'!$E$5:$E$16,'Detail Lap'!$D$5:$D$16,1) -> 0.0062037037 | E25: Km-1 sesi 10 Sep — warm-up.
A26: Rata-rata lap 1 km | B26: =AVERAGEIFS('Detail Lap'!$E$5:$E$16,'Detail Lap'!$D$5:$D$16,1) -> 0.0057766204
A27: Sebaran pace 10 Sep (maks-min) | B27: =(_xlfn.MAXIFS('Detail Lap'!$E$5:$E$16,'Detail Lap'!$D$5:$D$16,1,'Detail Lap'!$A$5:$A$16,Ringkasan!$B$5)-_xlfn.MINIFS('Detail Lap'!$E$5:$E$16,'Detail Lap'!$D$5:$D$16,1,'Detail Lap'!$A$5:$A$16,Ringkasan!$B$5))*86400 -> 37 | E27: Makin kecil = pace makin rata.
A28: Sebaran pace 14 Sep (maks-min) | B28: =(_xlfn.MAXIFS('Detail Lap'!$E$5:$E$16,'Detail Lap'!$D$5:$D$16,1,'Detail Lap'!$A$5:$A$16,Ringkasan!$B$6)-_xlfn.MINIFS('Detail Lap'!$E$5:$E$16,'Detail Lap'!$D$5:$D$16,1,'Detail Lap'!$A$5:$A$16,Ringkasan!$B$6))*86400 -> 72 | E28: Lebih besar karena ada surge di km-4.
A30: D. CATATAN & TEMUAN
A31: 1. Sesi 14 Sep adalah lompatan nyata: pace 08'00"/km (dari 08'39" empat hari sebelumnya) dengan HR rata-rata JUSTRU turun 2 bpm. Lebih cepat dengan denyut lebih rendah = adaptasi aerobik yang beneran jalan, bukan sekadar hari yang enak.
A32: 2. COROS sendiri menggolongkan 14 Sep sebagai Tempo (sebelumnya selalu Base), dan Efficiency-nya 103% 'Great' vs 100% 'Good' di 10 Sep.
A33: 3. Cadence adalah pembeda utamanya: 167 spm di 14 Sep vs 161 spm di 10 Sep. Pola yang sama muncul di 3 & 6 Sep — tiap kali cadence kamu ≥167, pace-nya ikut bagus.
A34: 4. Km-4 sesi 14 Sep (07'14"/km, 170 w) jauh lebih cepat dari lap lain — ini surge, bukan pace merata. Sebaran pace sesi itu lebih lebar dari 10 Sep.
A35: 5. Training load justru TURUN (117 → 104) karena durasinya lebih pendek. Jadi sesi tercepat kamu bukan sesi terberat — ini kombinasi yang sehat.
A36: 6. HR rata-rata berhenti naik setelah tiga sesi beruntun (149→157→159→159→157). Tanda pemulihan mulai mengejar beban.
A37: 7. Catatan data: waktu di daftar aktivitas (00:43:26 / 00:40:02) dibulatkan; file ini pakai angka detail (00:43:25,66 / 00:40:01,73).
A38: 8. Di antara dua sesi ini ada Strength 11 & 15 Sep dan 8 Sep — tidak dimasukkan karena kamu minta data lari saja.
A40: Poin 1-7 dihitung dari data COROS. Poin 8 dari daftar aktivitas COROS. Tidak ada angka di file ini yang diperkirakan.
