Workbook

Sheet Ringkasan
A1: Ringkasan Aktivitas — 26 Agustus s/d 6 September 2026
A2: Sumber: COROS Training Hub (t.coros.com). Diambil 7 September 2026. Label aktivitas ditentukan oleh Harist.
A4: No | B4: Tanggal | C4: Jam | D4: Nama Aktivitas | E4: Label | F4: Tipe | G4: Jarak (km) | H4: Waktu Aktif | I4: Total Waktu | J4: Avg Pace /km | K4: Best km | L4: Avg HR (bpm) | M4: Avg Power (w) | N4: Avg Cadence (spm) | O4: Elev Gain (m) | P4: Total Descent (m) | Q4: Training Load | R4: Kalori (kcal) | S4: Aerobic TE | T4: Load / km | U4: Catatan
A5: 1 | B5: 2026-08-26 | C5: 05:18 | D5: West Jakarta Run | E5: Easy Run | F5: Road | G5: 5.02 | H5: 0.030428241 | I5: 0.030428241 | J5: 0.0060648148 | K5: 0.0054282407 | L5: 153 | M5: 85 | N5: 162 | O5: 2 | P5: 7 | Q5: 94 | R5: 286 | S5: 3 | T5: =Q5/G5 -> 18.7251
A6: 2 | B6: 2026-08-30 | C6: 10:49 | D6: Wonosobo Regency Trail Run | E6: Hiking Santai | F6: Trail | G6: 8.13 | H6: 0.19953704 | I6: 0.26787037 | J6: 0.024548611 | K6: 0.010949074 | L6: 117 | M6: 45 | N6: 67 | O6: 516 | P6: 681 | Q6: 98 | R6: 1954 | S6: 2.8 | T6: =Q6/G6 -> 12.054121 | U6: Bukan sesi lari — jalan santai sambil menemani/menunggu orang lain. Jangan dipakai buat benchmark pace.
A7: 3 | B7: 2026-09-01 | C7: 19:30 | D7: Central Jakarta Run | E7: Easy Run | F7: Road | G7: 5.01 | H7: 0.032025463 | I7: 0.051423611 | J7: 0.0063888889 | K7: 0.0054398148 | L7: 149 | M7: 142 | N7: 152 | O7: 3 | P7: 4 | Q7: 88 | R7: 492 | S7: 2.9 | T7: =Q7/G7 -> 17.56487
A8: 4 | B8: 2026-09-03 | C8: 20:24 | D8: Jakarta Run | E8: Easy Run | F8: Road | G8: 5.03 | H8: 0.029652778 | I8: 0.029652778 | J8: 0.0058912037 | K8: 0.0054976852 | L8: 157 | M8: 150 | N8: 168 | O8: 6 | P8: 5 | Q8: 108 | R8: 495 | S8: 3.2 | T8: =Q8/G8 -> 21.471173
A9: 5 | B9: 2026-09-06 | C9: 17:06 | D9: Jakarta Run | E9: Easy Run | F9: Road | G9: 5.03 | H9: 0.029976852 | I9: 0.029976852 | J9: 0.0059606481 | K9: 0.0055787037 | L9: 159 | M9: 150 | N9: 167 | O9: 0 | P9: 3 | Q9: 115 | R9: 422 | S9: 3.3 | T9: =Q9/G9 -> 22.862823
D10: TOTAL / RATA-RATA | G10: =SUM(G5:G9) -> 28.22 | H10: =SUM(H5:H9) -> 0.32162037 | I10: =SUM(I5:I9) -> 0.40935185 | Q10: =SUM(Q5:Q9) -> 503 | R10: =SUM(R5:R9) -> 3649
D11: Avg HR gabungan sengaja tidak ditampilkan — lari & hiking beda karakter. Lihat sheet Analisis untuk rata-rata HR sesi lari saja.
A12: Catatan: baris berwarna kuning = Hiking Santai, sengaja dikeluarkan dari semua rata-rata pace/HR lari di sheet Analisis.

Sheet Detail Lap
A1: Detail Lap per Aktivitas
A2: Kolom 'Pace (COROS)' = angka apa adanya dari aplikasi. 'Pace Hitung' = Waktu / Jarak (bisa beda tipis di lap pecahan karena pembulatan jarak di app).
A4: Tanggal | B4: Nama Aktivitas | C4: Label | D4: Lap | E4: Jarak (km) | F4: Waktu | G4: Pace (COROS) | H4: Pace Hitung /km | I4: Avg HR (bpm) | J4: Avg Power (w) | K4: Avg Cadence (spm) | L4: Elev Gain (m) | M4: Total Descent (m) | N4: Best Lap
A5: 2026-08-26 | B5: West Jakarta Run | C5: Easy Run | D5: 1 | E5: 1 | F5: 0.0062268519 | G5: 0.0062268519 | H5: =IFERROR(F5/E5,"") -> 0.0062268519 | I5: 144 | J5: 83 | K5: 159 | L5: 2 | M5: 1
A6: 2026-08-26 | B6: West Jakarta Run | C6: Easy Run | D6: 2 | E6: 1 | F6: 0.0063425926 | G6: 0.0063425926 | H6: =IFERROR(F6/E6,"") -> 0.0063425926 | I6: 153 | J6: 83 | K6: 165 | L6: 0 | M6: 2
A7: 2026-08-26 | B7: West Jakarta Run | C7: Easy Run | D7: 3 | E7: 1 | F7: 0.0063078704 | G7: 0.0063078704 | H7: =IFERROR(F7/E7,"") -> 0.0063078704 | I7: 152 | J7: 82 | K7: 162 | L7: 0 | M7: 2
A8: 2026-08-26 | B8: West Jakarta Run | C8: Easy Run | D8: 4 | E8: 1 | F8: 0.0058564815 | G8: 0.0058564815 | H8: =IFERROR(F8/E8,"") -> 0.0058564815 | I8: 157 | J8: 86 | K8: 162 | L8: 0 | M8: 1
A9: 2026-08-26 | B9: West Jakarta Run | C9: Easy Run | D9: 5 | E9: 1 | F9: 0.0055787037 | G9: 0.0055787037 | H9: =IFERROR(F9/E9,"") -> 0.0055787037 | I9: 160 | J9: 92 | K9: 162 | L9: 0 | M9: 1 | N9: ★
A10: 2026-08-26 | B10: West Jakarta Run | C10: Easy Run | D10: 6 | E10: 0.02 | F10: 0.00011574074 | G10: 0.0068865741 | H10: =IFERROR(F10/E10,"") -> 0.005787037 | I10: 162 | J10: 93 | K10: 155 | L10: 0 | M10: 0
A11: 2026-08-30 | B11: Wonosobo Regency Trail Run | C11: Hiking Santai | D11: 1 | E11: 1 | F11: 0.035914352 | G11: 0.035914352 | H11: =IFERROR(F11/E11,"") -> 0.035914352 | I11: 108 | J11: n/a | K11: n/a | L11: 212 | M11: 12
A12: 2026-08-30 | B12: Wonosobo Regency Trail Run | C12: Hiking Santai | D12: 2 | E12: 1 | F12: 0.031006944 | G12: 0.031006944 | H12: =IFERROR(F12/E12,"") -> 0.031006944 | I12: 125 | J12: n/a | K12: n/a | L12: 160 | M12: 28
A13: 2026-08-30 | B13: Wonosobo Regency Trail Run | C13: Hiking Santai | D13: 3 | E13: 1 | F13: 0.016736111 | G13: 0.016736111 | H13: =IFERROR(F13/E13,"") -> 0.016736111 | I13: 121 | J13: n/a | K13: n/a | L13: 51 | M13: 43
A14: 2026-08-30 | B14: Wonosobo Regency Trail Run | C14: Hiking Santai | D14: 4 | E14: 1 | F14: 0.019282407 | G14: 0.019282407 | H14: =IFERROR(F14/E14,"") -> 0.019282407 | I14: 106 | J14: n/a | K14: n/a | L14: 34 | M14: 33
A15: 2026-08-30 | B15: Wonosobo Regency Trail Run | C15: Hiking Santai | D15: 5 | E15: 1 | F15: 0.012476852 | G15: 0.012476852 | H15: =IFERROR(F15/E15,"") -> 0.012476852 | I15: 107 | J15: n/a | K15: n/a | L15: 23 | M15: 16 | N15: ★
A16: 2026-08-30 | B16: Wonosobo Regency Trail Run | C16: Hiking Santai | D16: 6 | E16: 1 | F16: 0.018784722 | G16: 0.018784722 | H16: =IFERROR(F16/E16,"") -> 0.018784722 | I16: 127 | J16: n/a | K16: n/a | L16: 34 | M16: 130
A17: 2026-08-30 | B17: Wonosobo Regency Trail Run | C17: Hiking Santai | D17: 7 | E17: 1 | F17: 0.035833333 | G17: 0.035833333 | H17: =IFERROR(F17/E17,"") -> 0.035833333 | I17: 122 | J17: n/a | K17: n/a | L17: 0 | M17: 247
A18: 2026-08-30 | B18: Wonosobo Regency Trail Run | C18: Hiking Santai | D18: 8 | E18: 1 | F18: 0.027083333 | G18: 0.027083333 | H18: =IFERROR(F18/E18,"") -> 0.027083333 | I18: 116 | J18: n/a | K18: n/a | L18: 2 | M18: 167
A19: 2026-08-30 | B19: Wonosobo Regency Trail Run | C19: Hiking Santai | D19: 9 | E19: 0.13 | F19: 0.0024074074 | G19: 0.01875 | H19: =IFERROR(F19/E19,"") -> 0.018518519 | I19: 123 | J19: n/a | K19: n/a | L19: 0 | M19: 5
A20: 2026-09-01 | B20: Central Jakarta Run | C20: Easy Run | D20: 1 | E20: 1 | F20: 0.0059027778 | G20: 0.0059027778 | H20: =IFERROR(F20/E20,"") -> 0.0059027778 | I20: 148 | J20: 147 | K20: 157 | L20: 0 | M20: 0
A21: 2026-09-01 | B21: Central Jakarta Run | C21: Easy Run | D21: 2 | E21: 1 | F21: 0.0062847222 | G21: 0.0062847222 | H21: =IFERROR(F21/E21,"") -> 0.0062847222 | I21: 150 | J21: 145 | K21: 156 | L21: 2 | M21: 2
A22: 2026-09-01 | B22: Central Jakarta Run | C22: Easy Run | D22: 3 | E22: 1 | F22: 0.0057523148 | G22: 0.0057523148 | H22: =IFERROR(F22/E22,"") -> 0.0057523148 | I22: 156 | J22: 157 | K22: 163 | L22: 1 | M22: 1 | N22: ★
A23: 2026-09-01 | B23: Central Jakarta Run | C23: Easy Run | D23: 4 | E23: 1 | F23: 0.0065393519 | G23: 0.0065393519 | H23: =IFERROR(F23/E23,"") -> 0.0065393519 | I23: 151 | J23: 137 | K23: 149 | L23: 0 | M23: 0
A24: 2026-09-01 | B24: Central Jakarta Run | C24: Easy Run | D24: 5 | E24: 1 | F24: 0.0074768519 | G24: 0.0074768519 | H24: =IFERROR(F24/E24,"") -> 0.0074768519 | I24: 143 | J24: 130 | K24: 138 | L24: 0 | M24: 1
A25: 2026-09-01 | B25: Central Jakarta Run | C25: Easy Run | D25: 6 | E25: 0.01 | F25: 6.9444444e-05 | G25: 0.0065509259 | H25: =IFERROR(F25/E25,"") -> 0.0069444444 | I25: 155 | J25: 157 | K25: 150 | L25: 0 | M25: 0
A26: 2026-09-03 | B26: Jakarta Run | C26: Easy Run | D26: 1 | E26: 1 | F26: 0.0062731481 | G26: 0.0062731481 | H26: =IFERROR(F26/E26,"") -> 0.0062731481 | I26: 143 | J26: 139 | K26: 169 | L26: 0 | M26: 0
A27: 2026-09-03 | B27: Jakarta Run | C27: Easy Run | D27: 2 | E27: 1 | F27: 0.005775463 | G27: 0.005775463 | H27: =IFERROR(F27/E27,"") -> 0.005775463 | I27: 158 | J27: 150 | K27: 173 | L27: 2 | M27: 3
A28: 2026-09-03 | B28: Jakarta Run | C28: Easy Run | D28: 3 | E28: 1 | F28: 0.0058912037 | G28: 0.0058912037 | H28: =IFERROR(F28/E28,"") -> 0.0058912037 | I28: 160 | J28: 147 | K28: 168 | L28: 1 | M28: 0
A29: 2026-09-03 | B29: Jakarta Run | C29: Easy Run | D29: 4 | E29: 1 | F29: 0.0060185185 | G29: 0.0060185185 | H29: =IFERROR(F29/E29,"") -> 0.0060185185 | I29: 162 | J29: 155 | K29: 167 | L29: 1 | M29: 0
A30: 2026-09-03 | B30: Jakarta Run | C30: Easy Run | D30: 5 | E30: 1 | F30: 0.0055208333 | G30: 0.0055208333 | H30: =IFERROR(F30/E30,"") -> 0.0055208333 | I30: 164 | J30: 161 | K30: 166 | L30: 2 | M30: 2 | N30: ★
A31: 2026-09-03 | B31: Jakarta Run | C31: Easy Run | D31: 6 | E31: 0.03 | F31: 0.00018518519 | G31: 0.0055439815 | H31: =IFERROR(F31/E31,"") -> 0.0061728395 | I31: 167 | J31: 157 | K31: 168 | L31: 0 | M31: 0
A32: 2026-09-06 | B32: Jakarta Run | C32: Easy Run | D32: 1 | E32: 1 | F32: 0.0057175926 | G32: 0.0057175926 | H32: =IFERROR(F32/E32,"") -> 0.0057175926 | I32: 147 | J32: 151 | K32: 164 | L32: 0 | M32: 0 | N32: ★
A33: 2026-09-06 | B33: Jakarta Run | C33: Easy Run | D33: 2 | E33: 1 | F33: 0.0059375 | G33: 0.0059375 | H33: =IFERROR(F33/E33,"") -> 0.0059375 | I33: 160 | J33: 158 | K33: 170 | L33: 0 | M33: 1
A34: 2026-09-06 | B34: Jakarta Run | C34: Easy Run | D34: 3 | E34: 1 | F34: 0.0060069444 | G34: 0.0060069444 | H34: =IFERROR(F34/E34,"") -> 0.0060069444 | I34: 161 | J34: 149 | K34: 168 | L34: 0 | M34: 1
A35: 2026-09-06 | B35: Jakarta Run | C35: Easy Run | D35: 4 | E35: 1 | F35: 0.0061226852 | G35: 0.0061226852 | H35: =IFERROR(F35/E35,"") -> 0.0061226852 | I35: 161 | J35: 146 | K35: 168 | L35: 0 | M35: 0
A36: 2026-09-06 | B36: Jakarta Run | C36: Easy Run | D36: 5 | E36: 1 | F36: 0.0059259259 | G36: 0.0059259259 | H36: =IFERROR(F36/E36,"") -> 0.0059259259 | I36: 164 | J36: 149 | K36: 166 | L36: 0 | M36: 1
A37: 2026-09-06 | B37: Jakarta Run | C37: Easy Run | D37: 6 | E37: 0.03 | F37: 0.00027777778 | G37: 0.0088078704 | H37: =IFERROR(F37/E37,"") -> 0.0092592593 | I37: 167 | J37: 146 | K37: 154 | L37: 0 | M37: 0
A39: Power & cadence tidak terekam per-lap di sesi trail/hiking (hanya rata-rata sesi: 45 w / 67 spm).

Sheet Analisis
A1: Analisis Tren — 26 Agu s/d 6 Sep 2026
A2: Semua angka di sheet ini adalah formula yang menarik data dari sheet Ringkasan & Detail Lap — ubah datanya, angka di sini ikut berubah.
A4: A. TOTAL PERIODE (12 hari, 5 aktivitas)
A5: Total jarak semua aktivitas (km) | B5: =SUM(Ringkasan!$G$5:$G$9) -> 28.22
A6: Total waktu bergerak | B6: =SUM(Ringkasan!$H$5:$H$9) -> 0.32162037
A7: Total training load | B7: =SUM(Ringkasan!$Q$5:$Q$9) -> 503
A8: Total kalori (kcal) | B8: =SUM(Ringkasan!$R$5:$R$9) -> 3649
A9: Jumlah sesi lari (Easy Run) | B9: =COUNTIFS(Ringkasan!$E$5:$E$9,"Easy Run") -> 4
A10: Jumlah sesi hiking santai | B10: =COUNTIFS(Ringkasan!$E$5:$E$9,"Hiking Santai") -> 1 | F10: Wonosobo 30 Agu — jalan santai menemani orang, bukan sesi lari.
A12: B. SESI LARI SAJA (Easy Run — hiking dikecualikan)
A13: Total jarak lari (km) | B13: =SUMIFS(Ringkasan!$G$5:$G$9,Ringkasan!$E$5:$E$9,"Easy Run") -> 20.09
A14: Rata-rata pace /km | B14: =AVERAGEIFS(Ringkasan!$J$5:$J$9,Ringkasan!$E$5:$E$9,"Easy Run") -> 0.0060763889
A15: Pace terbaik (best km) | B15: =MINIFS(Ringkasan!$K$5:$K$9,Ringkasan!$E$5:$E$9,"Easy Run") -> 0.0054282407
A16: Rata-rata HR (bpm) | B16: =AVERAGEIFS(Ringkasan!$L$5:$L$9,Ringkasan!$E$5:$E$9,"Easy Run") -> 154.5
A17: Rata-rata cadence (spm) | B17: =AVERAGEIFS(Ringkasan!$N$5:$N$9,Ringkasan!$E$5:$E$9,"Easy Run") -> 162.25
A18: Rata-rata training load | B18: =AVERAGEIFS(Ringkasan!$Q$5:$Q$9,Ringkasan!$E$5:$E$9,"Easy Run") -> 101.25
A19: Load per km | B19: =SUMIFS(Ringkasan!$Q$5:$Q$9,Ringkasan!$E$5:$E$9,"Easy Run")/SUMIFS(Ringkasan!$G$5:$G$9,Ringkasan!$E$5:$E$9,"Easy Run") -> 20.159283
A21: C. TREN PER SESI LARI (urut waktu)
A22: Sesi | B22: Pace /km | C22: Δ Pace (detik/km) | D22: Avg HR | E22: Δ HR | F22: Aerobic TE / Load
A23: =Ringkasan!$B$5&" — "&Ringkasan!$D$5 -> 2026-08-26 — West Jakarta Run | B23: =Ringkasan!$J$5 -> 0.0060648148 | C23: — | D23: =Ringkasan!$L$5 -> 153 | E23: — | F23: Sesi acuan pertama di periode ini.
A24: =Ringkasan!$B$7&" — "&Ringkasan!$D$7 -> 2026-09-01 — Central Jakarta Run | B24: =Ringkasan!$J$7 -> 0.0063888889 | C24: =(Ringkasan!$J$7-Ringkasan!$J$5)*86400 -> 28 | D24: =Ringkasan!$L$7 -> 149 | E24: =Ringkasan!$L$7-Ringkasan!$L$5 -> -4 | F24: =TEXT(Ringkasan!$S$7,"0.0")&" TE / "&TEXT(Ringkasan!$Q$7,"0")&" load" -> 2.9 TE / 88 load
A25: =Ringkasan!$B$8&" — "&Ringkasan!$D$8 -> 2026-09-03 — Jakarta Run | B25: =Ringkasan!$J$8 -> 0.0058912037 | C25: =(Ringkasan!$J$8-Ringkasan!$J$7)*86400 -> -43 | D25: =Ringkasan!$L$8 -> 157 | E25: =Ringkasan!$L$8-Ringkasan!$L$7 -> 8 | F25: =TEXT(Ringkasan!$S$8,"0.0")&" TE / "&TEXT(Ringkasan!$Q$8,"0")&" load" -> 3.2 TE / 108 load
A26: =Ringkasan!$B$9&" — "&Ringkasan!$D$9 -> 2026-09-06 — Jakarta Run | B26: =Ringkasan!$J$9 -> 0.0059606481 | C26: =(Ringkasan!$J$9-Ringkasan!$J$8)*86400 -> 6 | D26: =Ringkasan!$L$9 -> 159 | E26: =Ringkasan!$L$9-Ringkasan!$L$8 -> 2 | F26: =TEXT(Ringkasan!$S$9,"0.0")&" TE / "&TEXT(Ringkasan!$Q$9,"0")&" load" -> 3.3 TE / 115 load
A28: D. LAP TERCEPAT & TERLAMBAT (lap penuh 1.00 km, sesi lari saja)
A29: Lap 1 km tercepat | B29: =MINIFS('Detail Lap'!$F$5:$F$37,'Detail Lap'!$C$5:$C$37,"Easy Run",'Detail Lap'!$E$5:$E$37,1) -> 0.0055208333
A30: Lap 1 km terlambat | B30: =MAXIFS('Detail Lap'!$F$5:$F$37,'Detail Lap'!$C$5:$C$37,"Easy Run",'Detail Lap'!$E$5:$E$37,1) -> 0.0074768519
A31: Rata-rata lap 1 km | B31: =AVERAGEIFS('Detail Lap'!$F$5:$F$37,'Detail Lap'!$C$5:$C$37,"Easy Run",'Detail Lap'!$E$5:$E$37,1) -> 0.0060729167
A32: Jumlah lap 1 km | B32: =COUNTIFS('Detail Lap'!$C$5:$C$37,"Easy Run",'Detail Lap'!$E$5:$E$37,1) -> 20
A34: E. CATATAN & TEMUAN
A35: 1. Trail Wonosobo 30 Agu dilabeli HIKING SANTAI, bukan lari — jalan pelan sambil menemani/menunggu orang. Pace 35'21"/km tidak mencerminkan kemampuan, jadi dikeluarkan dari semua rata-rata lari.
A36: 2. Meski santai, sesi itu tetap yang paling berat secara volume: elev gain 516 m, descent 681 m, 1.954 kkal, load 98. Hitung sebagai beban kaki (terutama turunan), bukan sesi kecepatan.
A37: 3. Tren 4 sesi lari 5K: pace membaik dari 09'12" (1 Sep) ke 08'29" (3 Sep) lalu 08'35" (6 Sep) — konsisten di kisaran 08'30-an.
A38: 4. Avg HR merangkak naik tiap sesi: 149 → 157 → 159 bpm. Training load juga naik 88 → 108 → 115. Beban meningkat 3 sesi berturut-turut.
A39: 5. Aerobic TE naik 2.9 → 3.2 → 3.3 (Improving). Bagus untuk adaptasi, tapi kalau HR terus naik di pace yang sama, itu tanda recovery mulai tertinggal.
A40: 6. Cadence membaik dari 152 spm (1 Sep) ke 167-168 spm (3 & 6 Sep) — perbaikan teknik yang nyata dan konsisten.
A41: 7. Data power 26 Agu (83-93 w) jauh beda dari sesi lain (130-161 w) padahal pace mirip. Kemungkinan beda mode/kalibrasi sensor. JANGAN bandingkan power lintas sesi sebelum ini diverifikasi.
A42: 8. Saran: setelah 3 sesi naik beruntun, sisipkan 1 sesi recovery benar-benar easy (HR di zona 1-2) sebelum menambah intensitas lagi.
A44: Poin 1 & 2 berdasarkan keterangan langsung dari Harist. Poin 3-7 dihitung dari data COROS. Poin 8 adalah saran, bukan data.
